Accuracy,Precision,Recall,F1_score,AUC
0.974,0.9742049231940723,0.974,0.9739787879143343,0.9984031250000001
